Name,Address,Phone Number,Website,Google Maps Link
Www.Luxurystore.co.in,"Sunder Vihar, Paschim Vihar, Delhi, 110087, India",+91 98738 40667,,https://www.google.com/maps/place/?q=place_id:ChIJhdxdai4FDTkRudRPfyZ6pZg
My Luxury Bargain,"C 56/35, Block B, Industrial Area, Sector 62, Noida, Uttar Pradesh 201309, India",+91 83769 14422,https://myluxurybargain.com/,https://www.google.com/maps/place/?q=place_id:ChIJh4FQKX_lDDkRpTLF8FhLpoU
Sachkhand luxury Furniture Gallery,"B - 208, A - Block, Block B, Mansarover Garden, New Delhi, Delhi, 110015, India",,,https://www.google.com/maps/place/?q=place_id:ChIJUyn6KQkDDTkRclipH0qOkaU
D.Duli Chand & Bros.,"5, Regal Building, Sansad Marg, next to kwality Restaurent, Hanuman Road Area, Connaught Place, New Delhi, Delhi 110001, India",+91 82875 01120,,https://www.google.com/maps/place/?q=place_id:ChIJE1Vn-0n9DDkRHd8Knzw0RF8
Luxury Dayz International,"Plot No. 02 Second Floor Street No. 09 Extension Ramesh Park Laxmi Nagar New Delhi- 110092, Ramesh Park, Laxmi Nagar, Delhi, 110092q, India",+91 99992 73273,http://www.indiamart.com/luxurydayzinternational/,https://www.google.com/maps/place/?q=place_id:ChIJq6qqGrH8DDkRmMqtQcj335g
La Dimora Selections - Online Luxury Home Decor | Online Handmade Rugs | India (Delhi-NCR),"1st Floor, 255, Okhla Industrial Estate Phase 3 Rd, Okhla Phase III, Okhla Industrial Estate, New Delhi, Delhi 110020, India",+91 98712 21684,http://www.ladimoraselections.com/,https://www.google.com/maps/place/?q=place_id:ChIJg8w_Qg3nDDkRikkkCESoUbg
Siska Leather,"Building No.7210, Police Station, Qutab Rd, near nabi karim, Prem Nagar, Ram Nagar, Paharganj, New Delhi, Delhi, 110055, India",+91 96508 87576,,https://www.google.com/maps/place/?q=place_id:ChIJz56PE_H9DDkR7xTMOtmQCZc
Infinite Luxury Brands Private Limited,"Pocket B 1/4, Commercial Centre, Vasant Kunj, Pocket 1, Sector B, Vasant Kunj, New Delhi, Delhi 110070, India",+91 11 4698 0000,,https://www.google.com/maps/place/?q=place_id:ChIJ_____48eDTkRgSpFkf7pBoE
Good Earth,"Shop No.9 A.B.C. Ground 1st & 2nd Floor, 10a, Khan Market, Rabindra Nagar, New Delhi, Delhi 110003, India",+91 11 2464 7175,http://www.goodearth.in/,https://www.google.com/maps/place/?q=place_id:ChIJj1u_S-jiDDkR6CYyb87MCus
Sunday Design Experience Centre (Luxury Furniture Store),"14, Mehrauli-Gurgaon Rd, opp. Metro Pillar 94, Gadaipur, Sultanpur, New Delhi, Delhi 110030, India",+91 99997 26080,https://sundaydesign.co.in/,https://www.google.com/maps/place/?q=place_id:ChIJgVVeo94fDTkRnsU7nrLRV64
Central Cottage Industries Emporium,"Gate No 3, Jawahar Vyapar Bhawan, Janpath Rd, beside The Eastern Court Janpath Metro Station, HC Mathur Lane, New Delhi, Delhi 110001, India",+91 11 2332 0439,http://www.thecottage.in/,https://www.google.com/maps/place/?q=place_id:ChIJbaaqFUn9DDkRFrStGYXUjEM
Da Milano Italia,"E-12, Rajiv Chowk, Inner Circle, Block E, Connaught Place, New Delhi, Delhi 110001, India",+91 11 4019 1840,https://www.damilano.com/,https://www.google.com/maps/place/?q=place_id:ChIJ3_XyNzL9DDkRI-2uqdecfLA
Grand Home Modern Luxury Furniture,"A- 5 , Second Floor, A Block, Sector 10, Noida, Uttar Pradesh 201301, India",+91 93541 55527,,https://www.google.com/maps/place/?q=place_id:ChIJ_fCkW4jlDDkRZIxxR6lQSso
Global Premium Lifestyle Pvt. Ltd. (Global Gadget) Apple Authorized Reseller,"52A, Khan Market, Rabindra Nagar, New Delhi, Delhi 110003, India",+91 98112 27022,https://www.globalgadgets.com/,https://www.google.com/maps/place/?q=place_id:ChIJtyExxeniDDkRN3PrV9sL9uk
Goldy Furniture,"55, nehru bazar, Bharat Nagar, Paharganj, Delhi, New Delhi, Delhi 110055, India",+91 92107 03666,,https://www.google.com/maps/place/?q=place_id:ChIJo4zy9ir9DDkRhC1D2d9_TFU
Renaissance - Luxury Imported Men’s Fabrics,"152, Katra Nawab, Chandni Chowk, Delhi, 110006, India",+91 98738 23900,https://raymondmittalassociates.com/,https://www.google.com/maps/place/?q=place_id:ChIJ1cl3Ddz9DDkRkeb0_eGhYn4
Haute24,"7214, Block C2, DLF Garden Villas, Sector 43, Gurugram, Haryana 122002, India",+91 95617 94706,https://haute24.com/,https://www.google.com/maps/place/?q=place_id:ChIJV7Zsm-a_wjsRPT01iJvUvK0
Delhi Emporium,"A-3/4, State Emporia Building, Baba Kharak Singh Rd, Raja Bazar Road Area, Connaught Place, New Delhi, Delhi 110001, India",+91 11 2334 0343,http://www.dsiidc.org/,https://www.google.com/maps/place/?q=place_id:ChIJQ3ODsUn9DDkRM_AlVnfgM9c
Mom's Skin Essentials - Luxury Scented Soy Wax Candles and Wellness Products,"278, Second Floor, Block B, Lok Vihar, Pitampura, New Delhi, Delhi, 110034, India",+91 97186 33165,https://thebigcompanyy.in/,https://www.google.com/maps/place/?q=place_id:ChIJtxmnCcUDDTkRCf2c5yifz2M
Hermes New Delhi - The Chanakya,"The Commercial Complex, Yashwant place, G8-G9, Chankya Cinema Ln, Chanakyapuri, New Delhi, Delhi 110021, India",+91 11 2688 5501,https://www.thechanakya.com/portfolio-item/hermes/,https://www.google.com/maps/place/?q=place_id:ChIJkcCS73wdDTkR-9oYn6qI1fo
Vitasta Design,"W-101 Lane 6 Anupam Gardens Landmark: Country Club, Sainik Farm, New Delhi, Delhi 110068, India",+91 98119 50169,,https://www.google.com/maps/place/?q=place_id:ChIJRarRXwEeDTkRi67XluW8fZc
Theobroma,"Mezzanine, D-28, Ground Floor, D-27, Rd Number 6, D Block, Connaught Place, New Delhi, Delhi 110001, India",+91 81828 81881,https://order.theobroma.in/order/theobroma-connaught-place-new-delhi,https://www.google.com/maps/place/?q=place_id:ChIJL5M1azf9DDkRtybjLzaFlBA
"The Collective - Ambience Mall, New Delhi","Ambience Mall, Nelson Mandela Marg, Ambience Island, Vasant Kunj II, Vasant Vihar, New Delhi, Delhi 110070, India",+91 11 4087 0544,https://www.thecollective.in/?utm_source=google&utm_medium=gmb&utm_term=the-collective-ambience-mall-new-delhi,https://www.google.com/maps/place/?q=place_id:ChIJ2XGPo84dDTkRmdDWYWrmoLQ
Radhika Traders,"10778, Jhandewalan Rd, Nabi Karim, Paharganj, New Delhi, Delhi, 110055, India",+91 11 2354 9877,,https://www.google.com/maps/place/?q=place_id:ChIJq6qqHmz9DDkRm96C8pOOIOM
AMBIANCE: The Luxury Furniture Store Kirti Nagar N.D-15,"C-20 Mansarover Garden, C-Block, Kirti Nagar, New Delhi, Delhi, 110015, India",+91 98101 26361,https://www.sunandkris.com/ambiance,https://www.google.com/maps/place/?q=place_id:ChIJIQEsGRYDDTkRs2o2c-2kpe8
MKM Luxe Suisse,"432-434, Plot No. 5, Ground Floor, Mehrauli-Gurgaon Rd, Gadaipur, Sultanpur, New Delhi, Delhi 110030, India",+91 81300 33539,http://mkmcreations.in/,https://www.google.com/maps/place/?q=place_id:ChIJ1xy84lseDTkRyTWihVfbgGs
Wenger's,"Shop No: A, 16 Near Road, Rajiv Chowk, Block A, Connaught Place, New Delhi, Delhi 110001, India",+91 11 2332 4373,http://www.wengers.in/,https://www.google.com/maps/place/?q=place_id:ChIJX8ehxTf9DDkRqn9PJTQfyGE
SUPER CARS WORLD,"29, 3, Arya Samaj Rd, Pocket 29, Naiwala, Karol Bagh, New Delhi, Delhi, 110005, India",+91 77770 05777,,https://www.google.com/maps/place/?q=place_id:ChIJUamDXjT9DDkR9DR8dhImmOI
Momentz,"9/11, Road, opp. Hotel Siddhartha, Block 4, East Patel Nagar, Rajendra Place, New Delhi, Delhi 110008, India",+91 11 4248 2226,http://www.momentz.in/,https://www.google.com/maps/place/?q=place_id:ChIJAY7ocJUCDTkR1365UtZyrcc
NEXXT LEVEL CARS PRE OWNED LUXURY,"KC, 28-A, Ashok Vihar Phase 1 Rd, Block KC, Wazirpur Village, Ashok Vihar, Delhi, 110052, India",+91 80919 91980,,https://www.google.com/maps/place/?q=place_id:ChIJqZrH0BQCDTkRhdq9VBIGiAw
L'Opera Khan Market,"Shop No. 5B, Khan Market, Rabindra Nagar, New Delhi, Delhi 110003, India",+91 11 4353 8900,http://www.loperaindia.com/,https://www.google.com/maps/place/?q=place_id:ChIJF5RcteniDDkRdiG7YOEa9Fs
ShipJewel,"S1/A 2nd floor, Arjun nagar, Green park, Beadonpura, Karol Bagh, New Delhi, Delhi, 110029, India",+91 98188 09835,,https://www.google.com/maps/place/?q=place_id:ChIJN6Y9sp0CDTkRXXhmLg4Ux_s
Confidential Couture,"Shop No. 33, 1st Floor, The Gallery On Mg Mall, Mehrauli-Gurgaon Rd, New Manglapuri, Manglapuri Village, Sultanpur, New Delhi, Delhi 110030, India",+91 88263 33402,https://confidentialcouture.com/,https://www.google.com/maps/place/?q=place_id:ChIJLdgy2Cz9DDkRFRzuJmiSiDk
Empire Bath Fittings - Gautam Trading Co.,"3268, Rajawali, Pipal Mahadev Gali, Bazar Sirkiwalan, Hauz Qazi, Chandni Chowk, New Delhi, Delhi, 110006, India",+91 11 2325 8265,,https://www.google.com/maps/place/?q=place_id:ChIJuYi2Chf9DDkRskOmxNZjBLU
R.S. LEATHER STORE,"9/6605 GALI NO.3, Guru Nanak Marg, near KHALSA COLLEGE, near Azad Restaurant, Block 6, Raigar Pura, Dev Nagar, Karol Bagh, New Delhi, Delhi, 110005, India",+91 98112 65410,,https://www.google.com/maps/place/?q=place_id:ChIJuVfUgOMDDTkRpNMgFcu2Yus
Suti brand,"Shop No. 1426, Gali Telian, near Cloth Market, Tilak Bazar, Katra Ghel, Khari Baoli, Chandni Chowk, Delhi, 110006, India",+91 81783 23142,https://sutibrand.com/,https://www.google.com/maps/place/?q=place_id:ChIJAYVCUFP9DDkRtYj14la9Z3s
Home Crest Luxury Furniture,"61/3, Furniture Block, Kirti Nagar Industrial Area, Kirti Nagar, New Delhi, Delhi, 110015, India",+91 99103 37613,,https://www.google.com/maps/place/?q=place_id:ChIJARAgtj4DDTkRkDPTJ5FD4oo
3A Luxury Cars Head Office Delhi,"SFS FLATS, 348, Gate No. 2, near Water tank, Bunkar Colony, Block A, Ashok Vihar IV, Ashok Vihar, Delhi, 110052, India",,,https://www.google.com/maps/place/?q=place_id:ChIJfVeEYAADDTkRfkodTdzzuZE
"Aawrun - Luxury Home Decor- Cushion covers, Bed covers, Tissue box, Door Mat, Table Mat","S-2501, Guru Chamber, Street No. 8, Block 9, Beadonpura, Karol Bagh, Delhi, 110005, India",,https://aawrun.com/,https://www.google.com/maps/place/?q=place_id:ChIJL9rDBq8DDTkRgL8ET3kaKBM
Studio Rajsi - Hotelware Crockery and Catering Ware Manufacturer and Suppliers Delhi,"3777, 6, Deputy Ganj, Pahari Dhiraj, Sadar Bazaar, Delhi, 110006, India",+91 89292 99577,http://www.studiorajsi.in/,https://www.google.com/maps/place/?q=place_id:ChIJTbqP9KX9DDkRICTj7a2GD7I
Second Movement - Certified Pre-owned Luxury Watches,"Unit No. 018, Ground Floor Square One Mall, Saket Business District, Saket District Centre, District Centre, Sector 6, Pushp Vihar, New Delhi, Delhi 110017, India",+91 11 4261 0170,https://www.secondmovement.com/,https://www.google.com/maps/place/?q=place_id:ChIJx60tIWvhDDkRLNYIMbc5wYM
Aura Decor,"6003, Naya Bans Rd, Naya Bans, Farash Khana, Sadar Bazaar, New Delhi, Delhi, 110006, India",+91 78387 81543,http://auradecor.co.in/,https://www.google.com/maps/place/?q=place_id:ChIJxehuixL9DDkR5QuhdWI-QCE
HIRA SWEETS,"K-19 TO 21, Radial Road Number 4, Block K, Connaught Place, New Delhi, Delhi 110001, India",+91 91365 87253,https://hirasweets.com/,https://www.google.com/maps/place/?q=place_id:ChIJZY_vKzj9DDkRh1oIcQjWCsI
"Apricus Home - Luxury Home Decor, Cushion Covers, Wall Decor","D, 44, Mother Dairy Marg, Ganesh Nagar I South, Ganesh Nagar, Pandav Nagar, Delhi, 110092, India",+91 98109 75060,https://apricushome.com/,https://www.google.com/maps/place/?q=place_id:ChIJB7GcKL7jDDkRjsl5gI12-hI
Essence Modern,"A-7, Sector 10 Ground floor, Main Road Building Side gallery, A Block, Sector 9, Noida, Uttar Pradesh 201301, India",+91 89206 80997,,https://www.google.com/maps/place/?q=place_id:ChIJbwvwZ23lDDkRFzej8MfJMAU
New Golden Furnishers Co.,"Mata Mandir, 52A, Rani Jhansi Rd, opp. Jhandewala, Block A, Motia Khan, Paharganj, New Delhi, Delhi 110055, India",+91 98100 39951,,https://www.google.com/maps/place/?q=place_id:ChIJ1ZTgq3f9DDkRuV1hEbIBw3g
Furniture Point(Luxury Home),"A-245, Main Road, Thokar No 6, Shaheen Bagh, Jamia Nagar, Okhla, New Delhi, Delhi 110025, India",+91 99907 77794,,https://www.google.com/maps/place/?q=place_id:ChIJyaj5xuLlDDkReYi7M8SQGJ0
Baba Luxury Car,"Emaya Mall, Block BG 2, Paschim Vihar, Delhi, 110063, India",,,https://www.google.com/maps/place/?q=place_id:ChIJjWyHwvYDDTkRDCh_lIIsGrg
KS Hotell wares,"4212, opp. Deputy Ganj, Pahari Dhiraj, Sadar Bazaar, Delhi, 110006, India",+91 11 2355 7600,https://www.kshotelwares.com/,https://www.google.com/maps/place/?q=place_id:ChIJKywLAo_9DDkRiMdpvzAk9_s
Zolijns Designs,"19, Block C, Nizamuddin West, New Delhi, Delhi 110013, India",+91 11 4145 8383,https://zolijns.com/,https://www.google.com/maps/place/?q=place_id:ChIJW--4qAPjDDkRb1P6MUFUevg
Colro Global,"4973, Bazar Sirkiwalan, Phatak Badal Beg, Hauz Qazi, delhi 6, Delhi, 110006, India",+91 97160 05645,http://colroglobal.in/,https://www.google.com/maps/place/?q=place_id:ChIJ_7hxB3P9DDkR8A9YUnPDooA
HEXEGON INDUSTRIES INDIA ( AVASAVA CORPORATION ) (HEXEGON BATHFITTINGS),"Pepal Mahadev Gali , Near Hauz quazi police station Hauz quazi, Bazar Sirkiwalan, Chawri Bazar, Old Delhi, Delhi, 110006, India",+91 95825 37977,https://instagram.com/hexegon.avasavacorporation?utm_source=qr&igshid=NGExMmI2YTkyZg==,https://www.google.com/maps/place/?q=place_id:ChIJbdg599f9DDkRjmpqm3rX5-c
Devata Luxury Bathing- Jaquar Authorized Dealer,"no. 55, Main Road, South Extension I, Kotla Mubarakpur, New Delhi, Delhi 110003, India",+91 98110 96005,https://www.jaquar.com/en/,https://www.google.com/maps/place/?q=place_id:ChIJ1bP33PzjDDkRQoI3-ExkwPg
Windermere Best Luxury Furniture Store,"A-2A, 1st Floor, Green Park, Block A, Green Park Extension, Green Park, New Delhi, Delhi 110016, India",+91 11 2653 3070,http://windermere.in/,https://www.google.com/maps/place/?q=place_id:ChIJX2C-gXLiDDkR_O1cA-yWy_4
K.K Lee,"30B, Khan Market, Rabindra Nagar, New Delhi, Delhi 110003, India",+91 11 4904 3827,https://www.facebook.com/kklee.in/,https://www.google.com/maps/place/?q=place_id:ChIJ-QyxMOjiDDkRNCUdXB-6LRg
The Aurum- Luxury Decorative Lighting Store,"108, 109, 110 Fourth Floor, Shiva Market, Pitampura Village, Harsh Vihar, Pitampura, Delhi, 110034, India",+91 78385 59997,https://theaurumstudio.com/collections,https://www.google.com/maps/place/?q=place_id:ChIJQV3t_sEDDTkRvMmTC-lZRVg
Neo Fashions,"R-6A, Gali No. 1, Guru Ramdas Nagar Extension, Ramesh Park, Laxmi Nagar, New Delhi, Delhi, 110092, India",+91 80 4895 1652,https://www.neofashions.org/,https://www.google.com/maps/place/?q=place_id:ChIJUVVVZbL8DDkRcp6-fK5UtE0
La Victoria,"4794, 23, Ansari Rd, Daryaganj, New Delhi, Delhi, 110002, India",+91 98995 58770,,https://www.google.com/maps/place/?q=place_id:ChIJleSLHNn8DDkRimr6XZk5HTQ
Talwar Jewellers Pvt Ltd,"चंदर भान शिव नारायण तलवार जवैलरस Chander Bhan Shiv Narain 1981-84 Bank Street Chapper Wala, Block 47, Beadonpura, Karol Bagh, New Delhi, Delhi, 110005, India",+91 98110 09866,http://www.instagram.com/talwarjewellers,https://www.google.com/maps/place/?q=place_id:ChIJlQCvboUCDTkRsA3VHaULOns
Munako - International Luxury,"4794, 23, Ansari Rd, Daryaganj, New Delhi, Delhi, 110002, India",+91 93110 94110,,https://www.google.com/maps/place/?q=place_id:ChIJl_pZkHD9DDkRnu3dC84pDTI
